Movie Name,Release Date,Lifetime Earnings
Star Wars: Episode VII - The Force Awakens,2015,"$936,662,225"
Avengers: Endgame,2019,"$858,373,000"
Spider-Man: No Way Home,2021,"$814,115,070"
Avatar,2009,"$785,221,649"
Top Gun: Maverick,2022,"$718,576,503"
Black Panther,2018,"$700,426,566"
Avengers: Infinity War,2018,"$678,815,482"
Titanic,1997,"$659,363,944"
Jurassic World,2015,"$653,406,625"
The Avengers,2012,"$623,357,910"
Star Wars: Episode VIII - The Last Jedi,2017,"$620,181,382"
Incredibles 2,2018,"$608,581,744"
The Lion King,2019,"$543,638,043"
The Dark Knight,2008,"$534,987,076"
Rogue One: A Star Wars Story,2016,"$533,539,991"
Star Wars: Episode IX - The Rise of Skywalker,2019,"$515,202,542"
Beauty and the Beast,2017,"$504,481,165"
Finding Dory,2016,"$486,295,561"
Frozen II,2019,"$477,373,578"
Star Wars: Episode I - The Phantom Menace,1999,"$474,544,677"
Star Wars: Episode IV - A New Hope,1977,"$460,998,507"
Avengers: Age of Ultron,2015,"$459,005,868"
The Dark Knight Rises,2012,"$448,149,584"
Shrek 2,2004,"$441,226,247"
E.T. the Extra-Terrestrial,1982,"$437,141,279"
Toy Story 4,2019,"$434,038,008"
Captain Marvel,2019,"$426,829,839"
The Hunger Games: Catching Fire,2013,"$424,668,047"
Pirates of the Caribbean: Dead Man's Chest,2006,"$423,315,812"
The Lion King,1994,"$422,783,777"
Jurassic World: Fallen Kingdom,2018,"$417,719,760"
Toy Story 3,2010,"$415,004,880"
Wonder Woman,2017,"$412,845,172"
Doctor Strange in the Multiverse of Madness,2022,"$411,331,607"
Black Panther: Wakanda Forever,2022,"$410,848,933"
Iron Man 3,2013,"$409,013,994"
Captain America: Civil War,2016,"$408,084,349"
The Hunger Games,2012,"$408,010,692"
Spider-Man,2002,"$407,022,860"
Jumanji: Welcome to the Jungle,2017,"$404,540,171"
Jurassic Park,1993,"$404,214,720"
Transformers: Revenge of the Fallen,2009,"$402,111,870"
Frozen,2013,"$400,953,009"
Spider-Man: Far from Home,2019,"$390,532,085"
Guardians of the Galaxy Vol. 2,2017,"$389,813,101"
Harry Potter and the Deathly Hallows: Part 2,2011,"$381,447,587"
Finding Nemo,2003,"$380,843,261"
Star Wars: Episode III - Revenge of the Sith,2005,"$380,270,577"
The Lord of the Rings: The Return of the King,2003,"$378,251,207"
Jurassic World: Dominion,2022,"$376,009,080"
Spider-Man 2,2004,"$373,585,825"
The Passion of the Christ,2004,"$370,782,930"
Minions: The Rise of Gru,2022,"$369,500,210"
The Batman,2022,"$369,345,583"
The Secret Life of Pets,2016,"$368,384,330"
Despicable Me 2,2013,"$368,065,385"
The Jungle Book,2016,"$364,001,123"
Deadpool,2016,"$363,070,709"
Inside Out,2015,"$356,921,711"
Aladdin,2019,"$355,559,216"
Furious 7,2015,"$353,007,020"
Transformers: Dark of the Moon,2011,"$352,390,543"
American Sniper,2014,"$350,159,020"
Thor: Love and Thunder,2022,"$343,256,830"
The Lord of the Rings: The Two Towers,2002,"$342,952,511"
Zootopia,2016,"$341,268,248"
The Hunger Games: Mockingjay - Part 1,2014,"$337,135,885"
Spider-Man 3,2007,"$336,530,303"
Minions,2015,"$336,045,770"
Joker,2019,"$335,477,657"
Aquaman,2018,"$335,104,314"
Spider-Man: Homecoming,2017,"$334,201,140"
Alice in Wonderland,2010,"$334,191,110"
Guardians of the Galaxy,2014,"$333,718,600"
Forrest Gump,1994,"$330,455,270"
Batman v Superman: Dawn of Justice,2016,"$330,360,194"
It,2017,"$328,874,981"
Suicide Squad,2016,"$325,100,054"
Deadpool 2,2018,"$324,591,735"
Shrek the Third,2007,"$322,719,944"
Jumanji: The Next Level,2019,"$320,314,960"
Transformers,2007,"$319,246,193"
Iron Man,2008,"$319,034,126"
Harry Potter and the Sorcerer's Stone,2001,"$318,886,962"
Indiana Jones and the Kingdom of the Crystal Skull,2008,"$317,101,119"
The Lord of the Rings: The Fellowship of the Ring,2001,"$316,115,420"
Thor: Ragnarok,2017,"$315,058,289"
Iron Man 2,2010,"$312,433,331"
Star Wars: Episode II - Attack of the Clones,2002,"$310,676,740"
Pirates of the Caribbean: At World's End,2007,"$309,420,425"
Star Wars: Episode VI - Return of the Jedi,1983,"$309,306,177"
Independence Day,1996,"$306,169,268"
Pirates of the Caribbean: The Curse of the Black Pearl,2003,"$305,413,918"
Skyfall,2012,"$304,360,277"
The Hobbit: An Unexpected Journey,2012,"$303,030,651"
Harry Potter and the Half-Blood Prince,2009,"$302,334,374"
The Twilight Saga: Eclipse,2010,"$300,531,751"
The Twilight Saga: New Moon,2009,"$297,816,253"
Harry Potter and the Deathly Hallows: Part 1,2010,"$296,374,621"
The Sixth Sense,1999,"$293,506,292"
Up,2009,"$293,004,164"
Star Wars: Episode V - The Empire Strikes Back,1980,"$292,753,960"
Inception,2010,"$292,587,330"
Harry Potter and the Order of the Phoenix,2007,"$292,382,727"
The Twilight Saga: Breaking Dawn - Part 2,2012,"$292,324,737"
"The Chronicles of Narnia: The Lion, the Witch and the Wardrobe",2005,"$291,710,957"
Man of Steel,2013,"$291,045,518"
"Monsters, Inc.",2001,"$290,642,256"
Harry Potter and the Goblet of Fire,2005,"$290,469,928"
Home Alone,1990,"$285,761,243"
The Hunger Games: Mockingjay - Part 2,2015,"$281,723,902"
The Matrix Reloaded,2003,"$281,576,461"
The Twilight Saga: Breaking Dawn - Part 1,2011,"$281,287,133"
Meet the Fockers,2004,"$279,261,160"
The Hangover,2009,"$277,339,746"
Gravity,2013,"$274,092,705"
The Grinch,2018,"$271,384,731"
Sing,2016,"$270,578,425"
Monsters University,2013,"$268,492,764"
Shrek,2001,"$268,163,011"
Jaws,2017,"$265,859,065"
Despicable Me 3,2002,"$264,624,300"
Harry Potter and the Chamber of Secrets,2012,"$262,641,637"
The Amazing Spider-Man,2004,"$262,030,663"
The Incredibles,2000,"$261,441,092"
How the Grinch Stole Christmas,2014,"$260,715,005"
Captain America: The Winter Soldier,2013,"$259,766,572"
The Hobbit: The Desolation of Smaug,2014,"$258,387,334"
The Lego Movie,2009,"$257,966,122"
Star Trek,2007,"$257,730,019"
I Am Legend,2009,"$256,393,010"
The Blind Side,2014,"$255,982,860"
The Hobbit: The Battle of the Five Armies,2011,"$255,138,261"
The Hangover Part II,2010,"$254,464,305"
Despicable Me,1989,"$251,557,985"
Batman,2006,"$251,409,241"
Night at the Museum,1997,"$250,863,268"
Men in Black,2004,"$250,690,539"
Harry Potter and the Prisoner of Azkaban,2016,"$250,105,651"
Moana,1981,"$248,757,044"
Indiana Jones and the Raiders of the Lost Ark,1999,"$248,159,971"
Toy Story 2,2014,"$245,852,179"
Transformers: Age of Extinction,2006,"$245,439,076"
Cars,1984,"$244,082,982"
Ghostbusters,2003,"$243,578,797"
Bruce Almighty,1996,"$242,829,261"
Twister,2002,"$241,830,615"
My Big Fat Greek Wedding,2014,"$241,438,208"
Maleficent,2011,"$241,410,378"
Pirates of the Caribbean: On Stranger Tides,2010,"$241,071,802"
Shrek Forever After,2013,"$238,736,787"
Fast & Furious 6,2012,"$238,679,850"
Brave,2013,"$237,283,207"
Oz the Great and Powerful,1984,"$234,911,825"
Beverly Hills Cop,2006,"$234,760,478"
X-Men: The Last Stand,2005,"$234,362,462"
War of the Worlds,2016,"$234,280,354"
Fantastic Beasts and Where to Find Them,2014,"$234,037,575"
X-Men: Days of Future Past,2000,"$233,921,534"
Cast Away,2016,"$233,632,142"
The Exorcist,1997,"$233,005,644"
Doctor Strange,2017,"$232,641,920"
The Lost World: Jurassic Park,2013,"$229,086,679"
Justice League,2015,"$229,024,295"
Star Trek Into Darkness,2002,"$228,778,661"
The Martian,2008,"$228,433,663"
Signs,2007,"$227,966,634"
Hancock,2017,"$227,946,274"
The Bourne Ultimatum,2001,"$227,471,070"
Logan,2017,"$226,277,068"
Rush Hour 2,2021,"$226,164,286"
The Fate of the Furious,2008,"$226,008,385"
Shang-Chi and the Legend of the Ten Rings,1995,"$224,543,292"
WALL·E,2014,"$223,808,164"
Toy Story,2018,"$223,225,679"
Big Hero 6,2007,"$222,527,828"
Mission: Impossible - Fallout,2009,"$220,159,104"
National Treasure: Book of Secrets,1993,"$219,964,115"
Alvin and the Chipmunks: The Squeakquel,1991,"$219,614,612"
Mrs. Doubtfire,2012,"$219,195,243"
Beauty and the Beast,2005,"$218,967,620"
Ted,1990,"$218,815,487"
King Kong,2010,"$218,080,025"
Ghost,2006,"$217,631,306"
How to Train Your Dragon,1992,"$217,581,231"
The Da Vinci Code,2007,"$217,536,138"
Aladdin,1998,"$217,350,219"
Alvin and the Chipmunks,2018,"$217,326,974"
Saving Private Ryan,2018,"$217,049,603"
Bohemian Rhapsody,2012,"$216,668,042"
Ant-Man and the Wasp,2008,"$216,648,740"
Madagascar 3: Europe's Most Wanted,2000,"$216,391,482"
Kung Fu Panda,2018,"$215,771,591"
Mission: Impossible II,2003,"$215,409,889"
A Star Is Born,2012,"$215,333,122"
X2: X-Men United,2018,"$214,949,694"
The Lorax,2021,"$214,373,500"
Solo: A Star Wars Story,2018,"$213,767,512"
